   pt,ijgcm,DOY,time,lat,lon,veg,Ts,litter_unprotect(LABILE),litter_unprotect(RECALCTRNT),litter_unprotect(DEADMICRB),litter_protect(LABILE),litter_protect(RECALCTRNT),litter_protect(DEADMICRB),litter_livingMicrobe,litter_CO2,soil_unprotect(1.LABILE),soil_unprotect(1.slow),soil_unprotect(1.DEADMICRB),soil_protect(1.LABILE),soil_protect(1.RECALCTRNT),soil_protect(1.DEADMICRB),soil_livingMicrobe,soil_CO2
     1,     1,   365,  1.0000, 40.8100,255.2400,    10,        272.791419,          0.000000,          0.000000,          0.000000,          0.000000,          0.000000,          0.000000,          0.000000,          0.000000,          0.069461,          2.088860,          0.010139,          0.006028,          0.005925,          0.005490,          0.019381,          0.065140,
     1,     1,   365,  2.0000, 40.8100,255.2400,    10,        271.874161,          0.000000,          0.000000,          0.000000,          0.000000,          0.000000,          0.000000,          0.000000,          0.000000,          0.077184,          2.168746,          0.020369,          0.017148,          0.012019,          0.030527,          0.032944,          0.208310,
     1,     1,   365,  3.0000, 40.8100,255.2400,    10,        271.589888,          0.000000,          0.000000,          0.000000,          0.000000,          0.000000,          0.000000,          0.000000,          0.000000,          0.098333,          2.233755,          0.026173,          0.026938,          0.018216,          0.067367,          0.019910,          0.378677,
     1,     1,   365,  4.0000, 40.8100,255.2400,    10,        271.239356,          0.000000,          0.000000,          0.000000,          0.000000,          0.000000,          0.000000,          0.000000,          0.000000,          0.074597,          2.284943,          0.031785,          0.037753,          0.024522,          0.105545,          0.034984,          0.610765,
     1,     1,   365,  5.0000, 40.8100,255.2400,    10,        270.006156,          0.000000,          0.000000,          0.000000,          0.000000,          0.000000,          0.000000,          0.000000,          0.000000,          0.091085,          2.369070,          0.030297,          0.049175,          0.030935,          0.150733,          0.037889,          0.812093,
     1,     1,   365,  6.0000, 40.8100,255.2400,    10,        275.302215,          0.000000,          0.000000,          0.000000,          0.000000,          0.000000,          0.000000,          0.000000,          0.000000,          0.093387,          2.429546,          0.032055,          0.059411,          0.037461,          0.196669,          0.031351,          1.040813,
     1,     1,   365,  7.0000, 40.8100,255.2400,    10,        272.596499,          0.000000,          0.000000,          0.000000,          0.000000,          0.000000,          0.000000,          0.000000,          0.000000,          0.114964,          2.489921,          0.033723,          0.069542,          0.044057,          0.241677,          0.024047,          1.275945,
     1,     1,   365,  8.0000, 40.8100,255.2400,    10,        274.164612,          0.000000,          0.000000,          0.000000,          0.000000,          0.000000,          0.000000,          0.000000,          0.000000,          0.104060,          2.574897,          0.033939,          0.087159,          0.050841,          0.286612,          0.040038,          1.456368,
     1,     1,   365,  9.0000, 40.8100,255.2400,    10,        274.401982,          0.000000,          0.000000,          0.000000,          0.000000,          0.000000,          0.000000,          0.000000,          0.000000,          0.129957,          2.646724,          0.034975,          0.100308,          0.057714,          0.335479,          0.020750,          1.640822,
     1,     1,   365, 10.0000, 40.8100,255.2400,    10,        274.768949,          0.000000,          0.000000,          0.000000,          0.000000,          0.000000,          0.000000,          0.000000,          0.000000,          0.139263,          2.726477,          0.037374,          0.115738,          0.064721,          0.383171,          0.023654,          1.844709,
     1,     1,   365, 11.0000, 40.8100,255.2400,    10,        274.095315,          0.000000,          0.000000,          0.000000,          0.000000,          0.000000,          0.000000,          0.000000,          0.000000,          0.106107,          2.790367,          0.035021,          0.136150,          0.071900,          0.429192,          0.041628,          2.019730,
     1,     1,   365, 12.0000, 40.8100,255.2400,    10,        273.421984,          0.000000,          0.000000,          0.000000,          0.000000,          0.000000,          0.000000,          0.000000,          0.000000,          0.113227,          2.849631,          0.032803,          0.151084,          0.079123,          0.475684,          0.029792,          2.171969,
     1,     1,   365, 13.0000, 40.8100,255.2400,    10,        272.829362,          0.000000,          0.000000,          0.000000,          0.000000,          0.000000,          0.000000,          0.000000,          0.000000,          0.083194,          2.882206,          0.031198,          0.165825,          0.086419,          0.516766,          0.031300,          2.326371,
     1,     1,   365, 14.0000, 40.8100,255.2400,    10,        272.454924,          0.000000,          0.000000,          0.000000,          0.000000,          0.000000,          0.000000,          0.000000,          0.000000,          0.100612,          2.918278,          0.026570,          0.177161,          0.093681,          0.553414,          0.019675,          2.442387,
     1,     1,   365, 15.0000, 40.8100,255.2400,    10,        274.331117,          0.000000,          0.000000,          0.000000,          0.000000,          0.000000,          0.000000,          0.000000,          0.000000,          0.117898,          2.965791,          0.027182,          0.191610,          0.100978,          0.584212,          0.019611,          2.558810,
     1,     1,   365, 16.0000, 40.8100,255.2400,    10,        271.246902,          0.000000,          0.000000,          0.000000,          0.000000,          0.000000,          0.000000,          0.000000,          0.000000,          0.129925,          3.015766,          0.025761,          0.208947,          0.108330,          0.614815,          0.018232,          2.652914,
     1,     1,   365, 17.0000, 40.8100,255.2400,    10,        275.271159,          0.000000,          0.000000,          0.000000,          0.000000,          0.000000,          0.000000,          0.000000,          0.000000,          0.120778,          3.044218,          0.026232,          0.225456,          0.115693,          0.644328,          0.014738,          2.750777,
     1,     1,   365, 18.0000, 40.8100,255.2400,    10,        275.062686,          0.000000,          0.000000,          0.000000,          0.000000,          0.000000,          0.000000,          0.000000,          0.000000,          0.103943,          3.065667,          0.026834,          0.239635,          0.123026,          0.672552,          0.019476,          2.865586,
     1,     1,   365, 19.0000, 40.8100,255.2400,    10,        274.106208,          0.000000,          0.000000,          0.000000,          0.000000,          0.000000,          0.000000,          0.000000,          0.000000,          0.066218,          3.051304,          0.032887,          0.249599,          0.130289,          0.703705,          0.034723,          3.086766,
     1,     1,   365, 20.0000, 40.8100,255.2400,    10,        274.559365,          0.000000,          0.000000,          0.000000,          0.000000,          0.000000,          0.000000,          0.000000,          0.000000,          0.112079,          3.103604,          0.029817,          0.260150,          0.137494,          0.741817,          0.018607,          3.211675,
     1,     1,   365, 21.0000, 40.8100,255.2400,    10,        272.791419,          0.000000,          0.000000,          0.000000,          0.000000,          0.000000,          0.000000,          0.000000,          0.000000,          0.092614,          3.126778,          0.034844,          0.270488,          0.144697,          0.777505,          0.032373,          3.427941,
     1,     1,   365, 22.0000, 40.8100,255.2400,    10,        271.874161,          0.000000,          0.000000,          0.000000,          0.000000,          0.000000,          0.000000,          0.000000,          0.000000,          0.094772,          3.168808,          0.035018,          0.280577,          0.151906,          0.820271,          0.037201,          3.646019,
     1,     1,   365, 23.0000, 40.8100,255.2400,    10,        271.589888,          0.000000,          0.000000,          0.000000,          0.000000,          0.000000,          0.000000,          0.000000,          0.000000,          0.116580,          3.198775,          0.036879,          0.288704,          0.159083,          0.864197,          0.020352,          3.870618,
     1,     1,   365, 24.0000, 40.8100,255.2400,    10,        271.239356,          0.000000,          0.000000,          0.000000,          0.000000,          0.000000,          0.000000,          0.000000,          0.000000,          0.085145,          3.200412,          0.041680,          0.298261,          0.166255,          0.905628,          0.038327,          4.166325,
     1,     1,   365, 25.0000, 40.8100,255.2400,    10,        270.006156,          0.000000,          0.000000,          0.000000,          0.000000,          0.000000,          0.000000,          0.000000,          0.000000,          0.106826,          3.252275,          0.038653,          0.308004,          0.173395,          0.953436,          0.038340,          4.404258,
     1,     1,   365, 26.0000, 40.8100,255.2400,    10,        275.302215,          0.000000,          0.000000,          0.000000,          0.000000,          0.000000,          0.000000,          0.000000,          0.000000,          0.105854,          3.275862,          0.040763,          0.316278,          0.180533,          1.000933,          0.031276,          4.677157,
     1,     1,   365, 27.0000, 40.8100,255.2400,    10,        272.596499,          0.000000,          0.000000,          0.000000,          0.000000,          0.000000,          0.000000,          0.000000,          0.000000,          0.125519,          3.298623,          0.042011,          0.324296,          0.187621,          1.046893,          0.024293,          4.955092,
     1,     1,   365, 28.0000, 40.8100,255.2400,    10,        274.164612,          0.000000,          0.000000,          0.000000,          0.000000,          0.000000,          0.000000,          0.000000,          0.000000,          0.120218,          3.364738,          0.041017,          0.341089,          0.194829,          1.091551,          0.041701,          5.150761,
     1,     1,   365, 29.0000, 40.8100,255.2400,    10,        274.401982,          0.000000,          0.000000,          0.000000,          0.000000,          0.000000,          0.000000,          0.000000,          0.000000,          0.141700,          3.415490,          0.043481,          0.352626,          0.202050,          1.141522,          0.021350,          5.361484,
     1,     1,   365, 30.0000, 40.8100,255.2400,    10,        274.768949,          0.000000,          0.000000,          0.000000,          0.000000,          0.000000,          0.000000,          0.000000,          0.000000,          0.151568,          3.474026,          0.045388,          0.366593,          0.209342,          1.189810,          0.024236,          5.587721,
     1,     1,   365, 31.0000, 40.8100,255.2400,    10,        274.095315,          0.000000,          0.000000,          0.000000,          0.000000,          0.000000,          0.000000,          0.000000,          0.000000,          0.122043,          3.523528,          0.042012,          0.386316,          0.216759,          1.235528,          0.043481,          5.774327,
     1,     1,   365, 32.0000, 40.8100,255.2400,    10,        273.421984,          0.000000,          0.000000,          0.000000,          0.000000,          0.000000,          0.000000,          0.000000,          0.000000,          0.127342,          3.570111,          0.040599,          0.400108,          0.224174,          1.282672,          0.030718,          5.941661,
     1,     1,   365, 33.0000, 40.8100,255.2400,    10,        272.829362,          0.000000,          0.000000,          0.000000,          0.000000,          0.000000,          0.000000,          0.000000,          0.000000,          0.095905,          3.590140,          0.038683,          0.413775,          0.231625,          1.324094,          0.033220,          6.110008,
     1,     1,   365, 34.0000, 40.8100,255.2400,    10,        272.454924,          0.000000,          0.000000,          0.000000,          0.000000,          0.000000,          0.000000,          0.000000,          0.000000,          0.112954,          3.616232,          0.034327,          0.423669,          0.239005,          1.361441,          0.020441,          6.237940,
     1,     1,   365, 35.0000, 40.8100,255.2400,    10,        274.331117,          0.000000,          0.000000,          0.000000,          0.000000,          0.000000,          0.000000,          0.000000,          0.000000,          0.132270,          3.654799,          0.034449,          0.437039,          0.246391,          1.392180,          0.020421,          6.362804,
     1,     1,   365, 36.0000, 40.8100,255.2400,    10,        271.246902,          0.000000,          0.000000,          0.000000,          0.000000,          0.000000,          0.000000,          0.000000,          0.000000,          0.147360,          3.699219,          0.032724,          0.453680,          0.253810,          1.422405,          0.018722,          6.461055,
     1,     1,   365, 37.0000, 40.8100,255.2400,    10,        275.271159,          0.000000,          0.000000,          0.000000,          0.000000,          0.000000,          0.000000,          0.000000,          0.000000,          0.137552,          3.721122,          0.033641,          0.469726,          0.261221,          1.451466,          0.015750,          6.566038,
     1,     1,   365, 38.0000, 40.8100,255.2400,    10,        275.062686,          0.000000,          0.000000,          0.000000,          0.000000,          0.000000,          0.000000,          0.000000,          0.000000,          0.117691,          3.733977,          0.034619,          0.483152,          0.268582,          1.479857,          0.021033,          6.692114,
     1,     1,   365, 39.0000, 40.8100,255.2400,    10,        274.106208,          0.000000,          0.000000,          0.000000,          0.000000,          0.000000,          0.000000,          0.000000,          0.000000,          0.072220,          3.697765,          0.040736,          0.491567,          0.275833,          1.511411,          0.037892,          6.942375,
     1,     1,   365, 40.0000, 40.8100,255.2400,    10,        274.559365,          0.000000,          0.000000,          0.000000,          0.000000,          0.000000,          0.000000,          0.000000,          0.000000,          0.122270,          3.741400,          0.037200,          0.500122,          0.282972,          1.550174,          0.018894,          7.076519,
     1,     1,   365, 41.0000, 40.8100,255.2400,    10,        272.791419,          0.000000,          0.000000,          0.000000,          0.000000,          0.000000,          0.000000,          0.000000,          0.000000,          0.100353,          3.747410,          0.042174,          0.508689,          0.290076,          1.585389,          0.033926,          7.313537,
     1,     1,   365, 42.0000, 40.8100,255.2400,    10,        271.874161,          0.000000,          0.000000,          0.000000,          0.000000,          0.000000,          0.000000,          0.000000,          0.000000,          0.103181,          3.773996,          0.042142,          0.516749,          0.297137,          1.627900,          0.037967,          7.549811,
     1,     1,   365, 43.0000, 40.8100,255.2400,    10,        271.589888,          0.000000,          0.000000,          0.000000,          0.000000,          0.000000,          0.000000,          0.000000,          0.000000,          0.123362,          3.786902,          0.044319,          0.522602,          0.304114,          1.671261,          0.020840,          7.796102,
     1,     1,   365, 44.0000, 40.8100,255.2400,    10,        271.239356,          0.000000,          0.000000,          0.000000,          0.000000,          0.000000,          0.000000,          0.000000,          0.000000,          0.090298,          3.766017,          0.048688,          0.530082,          0.311041,          1.711759,          0.040117,          8.118344,
     1,     1,   365, 45.0000, 40.8100,255.2400,    10,        270.006156,          0.000000,          0.000000,          0.000000,          0.000000,          0.000000,          0.000000,          0.000000,          0.000000,          0.114637,          3.803222,          0.045456,          0.537639,          0.317881,          1.758836,          0.038795,          8.373033,
     1,     1,   365, 46.0000, 40.8100,255.2400,    10,        275.302215,          0.000000,          0.000000,          0.000000,          0.000000,          0.000000,          0.000000,          0.000000,          0.000000,          0.111922,          3.809156,          0.047920,          0.543681,          0.324674,          1.805279,          0.031874,          8.668463,
     1,     1,   365, 47.0000, 40.8100,255.2400,    10,        272.596499,          0.000000,          0.000000,          0.000000,          0.000000,          0.000000,          0.000000,          0.000000,          0.000000,          0.130867,          3.813687,          0.049141,          0.549402,          0.331368,          1.850104,          0.024979,          8.969114,
     1,     1,   365, 48.0000, 40.8100,255.2400,    10,        274.164612,          0.000000,          0.000000,          0.000000,          0.000000,          0.000000,          0.000000,          0.000000,          0.000000,          0.129828,          3.871925,          0.047379,          0.564590,          0.338157,          1.893709,          0.042764,          9.171864,
     1,     1,   365, 49.0000, 40.8100,255.2400,    10,        274.401982,          0.000000,          0.000000,          0.000000,          0.000000,          0.000000,          0.000000,          0.000000,          0.000000,          0.148453,          3.912284,          0.050967,          0.574249,          0.344934,          1.943052,          0.022174,          9.397904,
     1,     1,   365, 50.0000, 40.8100,255.2400,    10,        274.768949,          0.000000,          0.000000,          0.000000,          0.000000,          0.000000,          0.000000,          0.000000,          0.000000,          0.158826,          3.960618,          0.052606,          0.586391,          0.351759,          1.990770,          0.024988,          9.637038,
     1,     1,   365, 51.0000, 40.8100,255.2400,    10,        274.095315,          0.000000,          0.000000,          0.000000,          0.000000,          0.000000,          0.000000,          0.000000,          0.000000,          0.131843,          4.003796,          0.048505,          0.604726,          0.358696,          2.035769,          0.044792,          9.830179,
     1,     1,   365, 52.0000, 40.8100,255.2400,    10,        273.421984,          0.000000,          0.000000,          0.000000,          0.000000,          0.000000,          0.000000,          0.000000,          0.000000,          0.135805,          4.044239,          0.047728,          0.616986,          0.365617,          2.082496,          0.031760,         10.007068,
     1,     1,   365, 53.0000, 40.8100,255.2400,    10,        272.829362,          0.000000,          0.000000,          0.000000,          0.000000,          0.000000,          0.000000,          0.000000,          0.000000,          0.103699,          4.058220,          0.045581,          0.629123,          0.372563,          2.123566,          0.034724,         10.184288,
     1,     1,   365, 54.0000, 40.8100,255.2400,    10,        272.454924,          0.000000,          0.000000,          0.000000,          0.000000,          0.000000,          0.000000,          0.000000,          0.000000,          0.120243,          4.079287,          0.041570,          0.637300,          0.379428,          2.160743,          0.021359,         10.320390,
     1,     1,   365, 55.0000, 40.8100,255.2400,    10,        274.331117,          0.000000,          0.000000,          0.000000,          0.000000,          0.000000,          0.000000,          0.000000,          0.000000,          0.140710,          4.113586,          0.041467,          0.649112,          0.386294,          2.191133,          0.021208,         10.451157,
     1,     1,   365, 56.0000, 40.8100,255.2400,    10,        271.246902,          0.000000,          0.000000,          0.000000,          0.000000,          0.000000,          0.000000,          0.000000,          0.000000,          0.157541,          4.155594,          0.039641,          0.664434,          0.393188,          2.220890,          0.019310,         10.552689,
     1,     1,   365, 57.0000, 40.8100,255.2400,    10,        275.271159,          0.000000,          0.000000,          0.000000,          0.000000,          0.000000,          0.000000,          0.000000,          0.000000,          0.147784,          4.174479,          0.040767,          0.679341,          0.400075,          2.249427,          0.016554,         10.662402,
     1,     1,   365, 58.0000, 40.8100,255.2400,    10,        275.062686,          0.000000,          0.000000,          0.000000,          0.000000,          0.000000,          0.000000,          0.000000,          0.000000,          0.126162,          4.182879,          0.041888,          0.691503,          0.406906,          2.277563,          0.022257,         10.796177,
     1,     1,   365, 59.0000, 40.8100,255.2400,    10,        274.106208,          0.000000,          0.000000,          0.000000,          0.000000,          0.000000,          0.000000,          0.000000,          0.000000,          0.075999,          4.134025,          0.047634,          0.698195,          0.413615,          2.308683,          0.040291,         11.065671,
     1,     1,   365, 60.0000, 40.8100,255.2400,    10,        274.559365,          0.000000,          0.000000,          0.000000,          0.000000,          0.000000,          0.000000,          0.000000,          0.000000,          0.128147,          4.172998,          0.044271,          0.704736,          0.420189,          2.347221,          0.019448,         11.206855,
     1,     1,   365, 61.0000, 40.8100,255.2400,    10,        272.791419,          0.000000,          0.000000,          0.000000,          0.000000,          0.000000,          0.000000,          0.000000,          0.000000,          0.105174,          4.169529,          0.048851,          0.711449,          0.426714,          2.381424,          0.035277,         11.457446,
     1,     1,   365, 62.0000, 40.8100,255.2400,    10,        271.874161,          0.000000,          0.000000,          0.000000,          0.000000,          0.000000,          0.000000,          0.000000,          0.000000,          0.108258,          4.187418,          0.048705,          0.717530,          0.433177,          2.422909,          0.038933,         11.706267,
     1,     1,   365, 63.0000, 40.8100,255.2400,    10,        271.589888,          0.000000,          0.000000,          0.000000,          0.000000,          0.000000,          0.000000,          0.000000,          0.000000,          0.127536,          4.190375,          0.051238,          0.721273,          0.439533,          2.464909,          0.021504,         11.967447,
     1,     1,   365, 64.0000, 40.8100,255.2400,    10,        271.239356,          0.000000,          0.000000,          0.000000,          0.000000,          0.000000,          0.000000,          0.000000,          0.000000,          0.093606,          4.156286,          0.055018,          0.726758,          0.445821,          2.503907,          0.041655,         12.307608,
     1,     1,   365, 65.0000, 40.8100,255.2400,    10,        270.006156,          0.000000,          0.000000,          0.000000,          0.000000,          0.000000,          0.000000,          0.000000,          0.000000,          0.119413,          4.184943,          0.051817,          0.732271,          0.451994,          2.549575,          0.039518,         12.574281,
     1,     1,   365, 66.0000, 40.8100,255.2400,    10,        275.302215,          0.000000,          0.000000,          0.000000,          0.000000,          0.000000,          0.000000,          0.000000,          0.000000,          0.115707,          4.180268,          0.054489,          0.736263,          0.458100,          2.594316,          0.032683,         12.885455,
     1,     1,   365, 67.0000, 40.8100,255.2400,    10,        272.596499,          0.000000,          0.000000,          0.000000,          0.000000,          0.000000,          0.000000,          0.000000,          0.000000,          0.134276,          4.173673,          0.055764,          0.739898,          0.464084,          2.637377,          0.025736,         13.202167,
     1,     1,   365, 68.0000, 40.8100,255.2400,    10,        274.164612,          0.000000,          0.000000,          0.000000,          0.000000,          0.000000,          0.000000,          0.000000,          0.000000,          0.136056,          4.227637,          0.053511,          0.753420,          0.470155,          2.679801,          0.043687,         13.410261,
     1,     1,   365, 69.0000, 40.8100,255.2400,    10,        274.401982,          0.000000,          0.000000,          0.000000,          0.000000,          0.000000,          0.000000,          0.000000,          0.000000,          0.152992,          4.261761,          0.057917,          0.761309,          0.476206,          2.727967,          0.022947,         13.647231,
     1,     1,   365, 70.0000, 40.8100,255.2400,    10,        274.768949,          0.000000,          0.000000,          0.000000,          0.000000,          0.000000,          0.000000,          0.000000,          0.000000,          0.163641,          4.303988,          0.059401,          0.771703,          0.482296,          2.774684,          0.025710,         13.895887,
     1,     1,   365, 71.0000, 40.8100,255.2400,    10,        274.095315,          0.000000,          0.000000,          0.000000,          0.000000,          0.000000,          0.000000,          0.000000,          0.000000,          0.138303,          4.343639,          0.054749,          0.788569,          0.488497,          2.818850,          0.045898,         14.094114,
     1,     1,   365, 72.0000, 40.8100,255.2400,    10,        273.421984,          0.000000,          0.000000,          0.000000,          0.000000,          0.000000,          0.000000,          0.000000,          0.000000,          0.141416,          4.380456,          0.054440,          0.799309,          0.494680,          2.864787,          0.032742,         14.278181,
     1,     1,   365, 73.0000, 40.8100,255.2400,    10,        272.829362,          0.000000,          0.000000,          0.000000,          0.000000,          0.000000,          0.000000,          0.000000,          0.000000,          0.108850,          4.390802,          0.052106,          0.809920,          0.500890,          2.905208,          0.036000,         14.462302,
     1,     1,   365, 74.0000, 40.8100,255.2400,    10,        272.454924,          0.000000,          0.000000,          0.000000,          0.000000,          0.000000,          0.000000,          0.000000,          0.000000,          0.125044,          4.408770,          0.048436,          0.816461,          0.507016,          2.941845,          0.022218,         14.604843,
     1,     1,   365, 75.0000, 40.8100,255.2400,    10,        274.331117,          0.000000,          0.000000,          0.000000,          0.000000,          0.000000,          0.000000,          0.000000,          0.000000,          0.146157,          4.440479,          0.048251,          0.826722,          0.513145,          2.971727,          0.021934,         14.740566,
     1,     1,   365, 76.0000, 40.8100,255.2400,    10,        271.246902,          0.000000,          0.000000,          0.000000,          0.000000,          0.000000,          0.000000,          0.000000,          0.000000,          0.164112,          4.481190,          0.046410,          0.840652,          0.519307,          3.000985,          0.019881,         14.845063,
     1,     1,   365, 77.0000, 40.8100,255.2400,    10,        275.271159,          0.000000,          0.000000,          0.000000,          0.000000,          0.000000,          0.000000,          0.000000,          0.000000,          0.154545,          4.498376,          0.047663,          0.854298,          0.525466,          3.028987,          0.017218,         14.958590,
     1,     1,   365, 78.0000, 40.8100,255.2400,    10,        275.062686,          0.000000,          0.000000,          0.000000,          0.000000,          0.000000,          0.000000,          0.000000,          0.000000,          0.131792,          4.504012,          0.048791,          0.865144,          0.531574,          3.056693,          0.023260,         15.098383,
     1,     1,   365, 79.0000, 40.8100,255.2400,    10,        274.106208,          0.000000,          0.000000,          0.000000,          0.000000,          0.000000,          0.000000,          0.000000,          0.000000,          0.078514,          4.446635,          0.053940,          0.870220,          0.537554,          3.086982,          0.042232,         15.382349,
     1,     1,   365, 80.0000, 40.8100,255.2400,    10,        274.559365,          0.000000,          0.000000,          0.000000,          0.000000,          0.000000,          0.000000,          0.000000,          0.000000,          0.131940,          4.482620,          0.051022,          0.874958,          0.543389,          3.124829,          0.020035,         15.529385,
     1,     1,   365, 81.0000, 40.8100,255.2400,    10,        272.791419,          0.000000,          0.000000,          0.000000,          0.000000,          0.000000,          0.000000,          0.000000,          0.000000,          0.108352,          4.472960,          0.055102,          0.879973,          0.549173,          3.157774,          0.036461,         15.790384,
     1,     1,   365, 82.0000, 40.8100,255.2400,    10,        271.874161,          0.000000,          0.000000,          0.000000,          0.000000,          0.000000,          0.000000,          0.000000,          0.000000,          0.111554,          4.485145,          0.054860,          0.884290,          0.554886,          3.197861,          0.039914,         16.049000,
     1,     1,   365, 83.0000, 40.8100,255.2400,    10,        271.589888,          0.000000,          0.000000,          0.000000,          0.000000,          0.000000,          0.000000,          0.000000,          0.000000,          0.130340,          4.481479,          0.057749,          0.886194,          0.560481,          3.238106,          0.022160,         16.321619,
     1,     1,   365, 84.0000, 40.8100,255.2400,    10,        271.239356,          0.000000,          0.000000,          0.000000,          0.000000,          0.000000,          0.000000,          0.000000,          0.000000,          0.095826,          4.438532,          0.060888,          0.889915,          0.566000,          3.275320,          0.042998,         16.675493,
     1,     1,   365, 85.0000, 40.8100,255.2400,    10,        270.006156,          0.000000,          0.000000,          0.000000,          0.000000,          0.000000,          0.000000,          0.000000,          0.000000,          0.122518,          4.461499,          0.057821,          0.893640,          0.571391,          3.319231,          0.040314,         16.951710,
     1,     1,   365, 86.0000, 40.8100,255.2400,    10,        275.302215,          0.000000,          0.000000,          0.000000,          0.000000,          0.000000,          0.000000,          0.000000,          0.000000,          0.118232,          4.449679,          0.060625,          0.895853,          0.576706,          3.361944,          0.033507,         17.275048,
     1,     1,   365, 87.0000, 40.8100,255.2400,    10,        272.596499,          0.000000,          0.000000,          0.000000,          0.000000,          0.000000,          0.000000,          0.000000,          0.000000,          0.136581,          4.435491,          0.061985,          0.897685,          0.581887,          3.402915,          0.026460,         17.604284,
     1,     1,   365, 88.0000, 40.8100,255.2400,    10,        274.164612,          0.000000,          0.000000,          0.000000,          0.000000,          0.000000,          0.000000,          0.000000,          0.000000,          0.140222,          4.486777,          0.059421,          0.909682,          0.587156,          3.444075,          0.044533,         17.816977,
     1,     1,   365, 89.0000, 40.8100,255.2400,    10,        274.401982,          0.000000,          0.000000,          0.000000,          0.000000,          0.000000,          0.000000,          0.000000,          0.000000,          0.156163,          4.516779,          0.064451,          0.916005,          0.592401,          3.490799,          0.023633,         18.062412,
     1,     1,   365, 90.0000, 40.8100,255.2400,    10,        274.768949,          0.000000,          0.000000,          0.000000,          0.000000,          0.000000,          0.000000,          0.000000,          0.000000,          0.166954,          4.554933,          0.065839,          0.924847,          0.597686,          3.536275,          0.026364,         18.318724,
     1,     1,   365, 91.0000, 40.8100,255.2400,    10,        274.095315,          0.000000,          0.000000,          0.000000,          0.000000,          0.000000,          0.000000,          0.000000,          0.000000,          0.142690,          4.592365,          0.060750,          0.940350,          0.603085,          3.579529,          0.046877,         18.521287,
     1,     1,   365, 92.0000, 40.8100,255.2400,    10,        273.421984,          0.000000,          0.000000,          0.000000,          0.000000,          0.000000,          0.000000,          0.000000,          0.000000,          0.145270,          4.626828,          0.060798,          0.949713,          0.608470,          3.624488,          0.033627,         18.711131,
     1,     1,   365, 93.0000, 40.8100,255.2400,    10,        272.829362,          0.000000,          0.000000,          0.000000,          0.000000,          0.000000,          0.000000,          0.000000,          0.000000,          0.112356,          4.634754,          0.058300,          0.958939,          0.613884,          3.664080,          0.037107,         18.900971,
     1,     1,   365, 94.0000, 40.8100,255.2400,    10,        272.454924,          0.000000,          0.000000,          0.000000,          0.000000,          0.000000,          0.000000,          0.000000,          0.000000,          0.128326,          4.650625,          0.054959,          0.964028,          0.619219,          3.699958,          0.022984,         19.048848,
     1,     1,   365, 95.0000, 40.8100,255.2400,    10,        274.331117,          0.000000,          0.000000,          0.000000,          0.000000,          0.000000,          0.000000,          0.000000,          0.000000,          0.149817,          4.680586,          0.054767,          0.972887,          0.624562,          3.729209,          0.022586,         19.188879,
     1,     1,   365, 96.0000, 40.8100,255.2400,    10,        271.246902,          0.000000,          0.000000,          0.000000,          0.000000,          0.000000,          0.000000,          0.000000,          0.000000,          0.168548,          4.720533,          0.052961,          0.985529,          0.629945,          3.757923,          0.020405,         19.296069,
     1,     1,   365, 97.0000, 40.8100,255.2400,    10,        275.271159,          0.000000,          0.000000,          0.000000,          0.000000,          0.000000,          0.000000,          0.000000,          0.000000,          0.159177,          4.736667,          0.054306,          0.997983,          0.635332,          3.785367,          0.017777,         19.412846,
     1,     1,   365, 98.0000, 40.8100,255.2400,    10,        275.062686,          0.000000,          0.000000,          0.000000,          0.000000,          0.000000,          0.000000,          0.000000,          0.000000,          0.135649,          4.740433,          0.055361,          1.007609,          0.640674,          3.812535,          0.024102,         19.557598,
     1,     1,   365, 99.0000, 40.8100,255.2400,    10,        274.106208,          0.000000,          0.000000,          0.000000,          0.000000,          0.000000,          0.000000,          0.000000,          0.000000,          0.080207,          4.676879,          0.059786,          1.011264,          0.645889,          3.841757,          0.043856,         19.853099,
     1,     1,   365,100.0000, 40.8100,255.2400,    10,        274.559365,          0.000000,          0.000000,          0.000000,          0.000000,          0.000000,          0.000000,          0.000000,          0.000000,          0.134491,          4.710780,          0.057451,          1.014453,          0.650954,          3.878626,          0.020593,         20.005144,
     1,     1,   365,101.0000, 40.8100,255.2400,    10,        272.791419,          0.000000,          0.000000,          0.000000,          0.000000,          0.000000,          0.000000,          0.000000,          0.000000,          0.110477,          4.696708,          0.060996,          1.017990,          0.655970,          3.910162,          0.037508,         20.274681,
     1,     1,   365,102.0000, 40.8100,255.2400,    10,        271.874161,          0.000000,          0.000000,          0.000000,          0.000000,          0.000000,          0.000000,          0.000000,          0.000000,          0.113742,          4.704846,          0.060662,          1.020794,          0.660912,          3.948640,          0.040850,         20.541376,
     1,     1,   365,103.0000, 40.8100,255.2400,    10,        271.589888,          0.000000,          0.000000,          0.000000,          0.000000,          0.000000,          0.000000,          0.000000,          0.000000,          0.132273,          4.696449,          0.063900,          1.021141,          0.665731,          3.986903,          0.022767,         20.823276,
     1,     1,   365,104.0000, 40.8100,255.2400,    10,        271.239356,          0.000000,          0.000000,          0.000000,          0.000000,          0.000000,          0.000000,          0.000000,          0.000000,          0.097324,          4.647111,          0.066380,          1.023358,          0.670471,          4.022167,          0.044186,         21.188288,
     1,     1,   365,105.0000, 40.8100,255.2400,    10,        270.006156,          0.000000,          0.000000,          0.000000,          0.000000,          0.000000,          0.000000,          0.000000,          0.000000,          0.124575,          4.666006,          0.063499,          1.025565,          0.675077,          4.064122,          0.041111,         21.472481,
     1,     1,   365,106.0000, 40.8100,255.2400,    10,        275.302215,          0.000000,          0.000000,          0.000000,          0.000000,          0.000000,          0.000000,          0.000000,          0.000000,          0.119946,          4.649056,          0.066390,          1.026273,          0.679603,          4.104625,          0.034294,         21.805720,
     1,     1,   365,107.0000, 40.8100,255.2400,    10,        272.596499,          0.000000,          0.000000,          0.000000,          0.000000,          0.000000,          0.000000,          0.000000,          0.000000,          0.138162,          4.629354,          0.067850,          1.026589,          0.683990,          4.143316,          0.027128,         22.145213,
     1,     1,   365,108.0000, 40.8100,255.2400,    10,        274.164612,          0.000000,          0.000000,          0.000000,          0.000000,          0.000000,          0.000000,          0.000000,          0.000000,          0.143029,          4.678810,          0.065094,          1.037255,          0.688467,          4.183154,          0.045318,         22.362028,
     1,     1,   365,109.0000, 40.8100,255.2400,    10,        274.401982,          0.000000,          0.000000,          0.000000,          0.000000,          0.000000,          0.000000,          0.000000,          0.000000,          0.158391,          4.705927,          0.070621,          1.042236,          0.692923,          4.228289,          0.024234,         22.614336,
     1,     1,   365,110.0000, 40.8100,255.2400,    10,        274.768949,          0.000000,          0.000000,          0.000000,          0.000000,          0.000000,          0.000000,          0.000000,          0.000000,          0.169249,          4.741192,          0.071947,          1.049746,          0.697421,          4.272374,          0.026951,         22.877056,
     1,     1,   365,111.0000, 40.8100,255.2400,    10,        274.095315,          0.000000,          0.000000,          0.000000,          0.000000,          0.000000,          0.000000,          0.000000,          0.000000,          0.145689,          4.777121,          0.066495,          1.064050,          0.702038,          4.314657,          0.047757,         23.083437,
     1,     1,   365,112.0000, 40.8100,255.2400,    10,        273.421984,          0.000000,          0.000000,          0.000000,          0.000000,          0.000000,          0.000000,          0.000000,          0.000000,          0.147930,          4.809964,          0.066831,          1.072215,          0.706646,          4.358527,          0.034418,         23.278106,
     1,     1,   365,113.0000, 40.8100,255.2400,    10,        272.829362,          0.000000,          0.000000,          0.000000,          0.000000,          0.000000,          0.000000,          0.000000,          0.000000,          0.114749,          4.816179,          0.064178,          1.080235,          0.711291,          4.397171,          0.038078,         23.472822,
     1,     1,   365,114.0000, 40.8100,255.2400,    10,        272.454924,          0.000000,          0.000000,          0.000000,          0.000000,          0.000000,          0.000000,          0.000000,          0.000000,          0.130578,          4.830552,          0.061153,          1.084076,          0.715860,          4.432146,          0.023663,         23.625234,
     1,     1,   365,115.0000, 40.8100,255.2400,    10,        274.331117,          0.000000,          0.000000,          0.000000,          0.000000,          0.000000,          0.000000,          0.000000,          0.000000,          0.152295,          4.859258,          0.060996,          1.091721,          0.720443,          4.460670,          0.023168,         23.769053,
     1,     1,   365,116.0000, 40.8100,255.2400,    10,        271.246902,          0.000000,          0.000000,          0.000000,          0.000000,          0.000000,          0.000000,          0.000000,          0.000000,          0.171581,          4.898731,          0.059259,          1.103229,          0.725074,          4.488796,          0.020877,         23.878680,
     1,     1,   365,117.0000, 40.8100,255.2400,    10,        275.271159,          0.000000,          0.000000,          0.000000,          0.000000,          0.000000,          0.000000,          0.000000,          0.000000,          0.162382,          4.914175,          0.060676,          1.114623,          0.729718,          4.515654,          0.018254,         23.998286,
     1,     1,   365,118.0000, 40.8100,255.2400,    10,        275.062686,          0.000000,          0.000000,          0.000000,          0.000000,          0.000000,          0.000000,          0.000000,          0.000000,          0.138300,          4.916610,          0.061610,          1.123175,          0.734324,          4.542205,          0.024821,         24.147230,
     1,     1,   365,119.0000, 40.8100,255.2400,    10,        274.106208,          0.000000,          0.000000,          0.000000,          0.000000,          0.000000,          0.000000,          0.000000,          0.000000,          0.081327,          4.848389,          0.065239,          1.125614,          0.738805,          4.570209,          0.045245,         24.452224,
     1,     1,   365,120.0000, 40.8100,255.2400,    10,        274.559365,          0.000000,          0.000000,          0.000000,          0.000000,          0.000000,          0.000000,          0.000000,          0.000000,          0.136213,          4.880760,          0.063561,          1.127502,          0.743135,          4.605908,          0.021105,         24.608621,
     1,     1,   365,121.0000, 40.8100,255.2400,    10,        272.791419,          0.000000,          0.000000,          0.000000,          0.000000,          0.000000,          0.000000,          0.000000,          0.000000,          0.111877,          4.863376,          0.066561,          1.129787,          0.747418,          4.635939,          0.038442,         24.885404,
     1,     1,   365,122.0000, 40.8100,255.2400,    10,        271.874161,          0.000000,          0.000000,          0.000000,          0.000000,          0.000000,          0.000000,          0.000000,          0.000000,          0.115182,          4.868501,          0.066138,          1.131317,          0.751628,          4.672679,          0.041726,         25.158963,
     1,     1,   365,123.0000, 40.8100,255.2400,    10,        271.589888,          0.000000,          0.000000,          0.000000,          0.000000,          0.000000,          0.000000,          0.000000,          0.000000,          0.133601,          4.856577,          0.069715,          1.130369,          0.755714,          4.708826,          0.023320,         25.448633,
     1,     1,   365,124.0000, 40.8100,255.2400,    10,        271.239356,          0.000000,          0.000000,          0.000000,          0.000000,          0.000000,          0.000000,          0.000000,          0.000000,          0.098314,          4.802424,          0.071534,          1.131325,          0.759721,          4.742043,          0.045247,         25.822990,
     1,     1,   365,125.0000, 40.8100,255.2400,    10,        270.006156,          0.000000,          0.000000,          0.000000,          0.000000,          0.000000,          0.000000,          0.000000,          0.000000,          0.125922,          4.818273,          0.068868,          1.132268,          0.763590,          4.781922,          0.041881,         26.114026,
     1,     1,   365,126.0000, 40.8100,255.2400,    10,        275.302215,          0.000000,          0.000000,          0.000000,          0.000000,          0.000000,          0.000000,          0.000000,          0.000000,          0.121096,          4.797494,          0.071818,          1.131723,          0.767379,          4.820111,          0.035028,         26.455571,
     1,     1,   365,127.0000, 40.8100,255.2400,    10,        272.596499,          0.000000,          0.000000,          0.000000,          0.000000,          0.000000,          0.000000,          0.000000,          0.000000,          0.139231,          4.773634,          0.073386,          1.130780,          0.771027,          4.856413,          0.027738,         26.803706,
     1,     1,   365,128.0000, 40.8100,255.2400,    10,        274.164612,          0.000000,          0.000000,          0.000000,          0.000000,          0.000000,          0.000000,          0.000000,          0.000000,          0.144894,          4.821764,          0.070516,          1.140315,          0.774768,          4.894888,          0.046049,         27.024273,
     1,     1,   365,129.0000, 40.8100,255.2400,    10,        274.401982,          0.000000,          0.000000,          0.000000,          0.000000,          0.000000,          0.000000,          0.000000,          0.000000,          0.159934,          4.846783,          0.076455,          1.144167,          0.778492,          4.938352,          0.024762,         27.282324,
     1,     1,   365,130.0000, 40.8100,255.2400,    10,        274.768949,          0.000000,          0.000000,          0.000000,          0.000000,          0.000000,          0.000000,          0.000000,          0.000000,          0.170816,          4.879918,          0.077739,          1.150556,          0.782262,          4.980951,          0.027475,         27.550532,
     1,     1,   365,131.0000, 40.8100,255.2400,    10,        274.095315,          0.000000,          0.000000,          0.000000,          0.000000,          0.000000,          0.000000,          0.000000,          0.000000,          0.147711,          4.914779,          0.071976,          1.163833,          0.786158,          5.022222,          0.048556,         27.760323,
     1,     1,   365,132.0000, 40.8100,255.2400,    10,        273.421984,          0.000000,          0.000000,          0.000000,          0.000000,          0.000000,          0.000000,          0.000000,          0.000000,          0.149738,          4.946465,          0.072552,          1.170976,          0.790050,          5.064933,          0.035124,         27.959115,
     1,     1,   365,133.0000, 40.8100,255.2400,    10,        272.829362,          0.000000,          0.000000,          0.000000,          0.000000,          0.000000,          0.000000,          0.000000,          0.000000,          0.116350,          4.951421,          0.069748,          1.177970,          0.793984,          5.102549,          0.038938,         28.158058,
     1,     1,   365,134.0000, 40.8100,255.2400,    10,        272.454924,          0.000000,          0.000000,          0.000000,          0.000000,          0.000000,          0.000000,          0.000000,          0.000000,          0.132092,          4.964679,          0.067028,          1.180758,          0.797849,          5.136521,          0.024263,         28.314383,
     1,     1,   365,135.0000, 40.8100,255.2400,    10,        274.331117,          0.000000,          0.000000,          0.000000,          0.000000,          0.000000,          0.000000,          0.000000,          0.000000,          0.153943,          4.992447,          0.066932,          1.187373,          0.801735,          5.164249,          0.023687,         28.461554,
     1,     1,   365,136.0000, 40.8100,255.2400,    10,        271.246902,          0.000000,          0.000000,          0.000000,          0.000000,          0.000000,          0.000000,          0.000000,          0.000000,          0.173630,          5.031614,          0.065285,          1.197908,          0.805676,          5.191746,          0.021297,         28.573383,
     1,     1,   365,137.0000, 40.8100,255.2400,    10,        275.271159,          0.000000,          0.000000,          0.000000,          0.000000,          0.000000,          0.000000,          0.000000,          0.000000,          0.164575,          5.046588,          0.066764,          1.208386,          0.809637,          5.217989,          0.018663,         28.695478,
     1,     1,   365,138.0000, 40.8100,255.2400,    10,        275.062686,          0.000000,          0.000000,          0.000000,          0.000000,          0.000000,          0.000000,          0.000000,          0.000000,          0.140087,          5.048039,          0.067545,          1.216017,          0.813567,          5.243868,          0.025441,         28.848024,
     1,     1,   365,139.0000, 40.8100,255.2400,    10,        274.106208,          0.000000,          0.000000,          0.000000,          0.000000,          0.000000,          0.000000,          0.000000,          0.000000,          0.082031,          4.976203,          0.070337,          1.217431,          0.817377,          5.270555,          0.046451,         29.160981,
     1,     1,   365,140.0000, 40.8100,255.2400,    10,        274.559365,          0.000000,          0.000000,          0.000000,          0.000000,          0.000000,          0.000000,          0.000000,          0.000000,          0.137346,          5.007410,          0.069357,          1.218242,          0.821035,          5.304956,          0.021571,         29.321200,
     1,     1,   365,141.0000, 40.8100,255.2400,    10,        272.791419,          0.000000,          0.000000,          0.000000,          0.000000,          0.000000,          0.000000,          0.000000,          0.000000,          0.112758,          4.987458,          0.071814,          1.219479,          0.824651,          5.333419,          0.039282,         29.604256,
     1,     1,   365,142.0000, 40.8100,255.2400,    10,        271.874161,          0.000000,          0.000000,          0.000000,          0.000000,          0.000000,          0.000000,          0.000000,          0.000000,          0.116089,          4.990269,          0.071306,          1.219953,          0.828195,          5.368344,          0.042539,         29.883754,
     1,     1,   365,143.0000, 40.8100,255.2400,    10,        271.589888,          0.000000,          0.000000,          0.000000,          0.000000,          0.000000,          0.000000,          0.000000,          0.000000,          0.134486,          4.975645,          0.075211,          1.217938,          0.831614,          5.402299,          0.023820,         30.180055,
     1,     1,   365,144.0000, 40.8100,255.2400,    10,        271.239356,          0.000000,          0.000000,          0.000000,          0.000000,          0.000000,          0.000000,          0.000000,          0.000000,          0.098934,          4.917765,          0.076376,          1.217853,          0.834956,          5.433414,          0.046201,         30.562413,
     1,     1,   365,145.0000, 40.8100,255.2400,    10,        270.006156,          0.000000,          0.000000,          0.000000,          0.000000,          0.000000,          0.000000,          0.000000,          0.000000,          0.126763,          4.931270,          0.073941,          1.217752,          0.838160,          5.471152,          0.042611,         30.859415,
     1,     1,   365,146.0000, 40.8100,255.2400,    10,        275.302215,          0.000000,          0.000000,          0.000000,          0.000000,          0.000000,          0.000000,          0.000000,          0.000000,          0.121836,          4.907561,          0.076932,          1.216177,          0.841284,          5.506972,          0.035708,         31.208063,
     1,     1,   365,147.0000, 40.8100,255.2400,    10,        272.596499,          0.000000,          0.000000,          0.000000,          0.000000,          0.000000,          0.000000,          0.000000,          0.000000,          0.139925,          4.880491,          0.078609,          1.214201,          0.844266,          5.540831,          0.028294,         31.563611,
     1,     1,   365,148.0000, 40.8100,255.2400,    10,        274.164612,          0.000000,          0.000000,          0.000000,          0.000000,          0.000000,          0.000000,          0.000000,          0.000000,          0.146080,          4.927619,          0.075680,          1.222789,          0.847347,          5.577920,          0.046731,         31.787617,
     1,     1,   365,149.0000, 40.8100,255.2400,    10,        274.401982,          0.000000,          0.000000,          0.000000,          0.000000,          0.000000,          0.000000,          0.000000,          0.000000,          0.160962,          4.951077,          0.081972,          1.225700,          0.850414,          5.619666,          0.025229,         32.050562,
     1,     1,   365,150.0000, 40.8100,255.2400,    10,        274.768949,          0.000000,          0.000000,          0.000000,          0.000000,          0.000000,          0.000000,          0.000000,          0.000000,          0.171843,          4.982602,          0.083224,          1.231155,          0.853532,          5.660723,          0.027944,         32.323539,
     1,     1,   365,151.0000, 40.8100,255.2400,    10,        274.095315,          0.000000,          0.000000,          0.000000,          0.000000,          0.000000,          0.000000,          0.000000,          0.000000,          0.149021,          5.016676,          0.077190,          1.243567,          0.856781,          5.700954,          0.049285,         32.536399,
     1,     1,   365,152.0000, 40.8100,255.2400,    10,        273.421984,          0.000000,          0.000000,          0.000000,          0.000000,          0.000000,          0.000000,          0.000000,          0.000000,          0.150914,          5.047512,          0.077971,          1.249849,          0.860032,          5.742463,          0.035757,         32.738767,
     1,     1,   365,153.0000, 40.8100,255.2400,    10,        272.829362,          0.000000,          0.000000,          0.000000,          0.000000,          0.000000,          0.000000,          0.000000,          0.000000,          0.117366,          5.051516,          0.075021,          1.255982,          0.863332,          5.778997,          0.039703,         32.941414,
     1,     1,   365,154.0000, 40.8100,255.2400,    10,        272.454924,          0.000000,          0.000000,          0.000000,          0.000000,          0.000000,          0.000000,          0.000000,          0.000000,          0.133060,          5.063923,          0.072594,          1.257890,          0.866568,          5.811901,          0.024796,         33.101155,
     1,     1,   365,155.0000, 40.8100,255.2400,    10,        274.331117,          0.000000,          0.000000,          0.000000,          0.000000,          0.000000,          0.000000,          0.000000,          0.000000,          0.154982,          5.090966,          0.072573,          1.263641,          0.869831,          5.838781,          0.024149,         33.251310,
     1,     1,   365,156.0000, 40.8100,255.2400,    10,        271.246902,          0.000000,          0.000000,          0.000000,          0.000000,          0.000000,          0.000000,          0.000000,          0.000000,          0.174961,          5.129930,          0.071031,          1.273355,          0.873155,          5.865618,          0.021672,         33.365131,
     1,     1,   365,157.0000, 40.8100,255.2400,    10,        275.271159,          0.000000,          0.000000,          0.000000,          0.000000,          0.000000,          0.000000,          0.000000,          0.000000,          0.166022,          5.144572,          0.072565,          1.283053,          0.876507,          5.891226,          0.019018,         33.489431,
     1,     1,   365,158.0000, 40.8100,255.2400,    10,        275.062686,          0.000000,          0.000000,          0.000000,          0.000000,          0.000000,          0.000000,          0.000000,          0.000000,          0.141235,          5.145277,          0.073173,          1.289904,          0.879836,          5.916391,          0.025981,         33.645105,
     1,     1,   365,159.0000, 40.8100,255.2400,    10,        274.106208,          0.000000,          0.000000,          0.000000,          0.000000,          0.000000,          0.000000,          0.000000,          0.000000,          0.082426,          5.070597,          0.075108,          1.290466,          0.883047,          5.941698,          0.047507,         33.964829,
     1,     1,   365,160.0000, 40.8100,255.2400,    10,        274.559365,          0.000000,          0.000000,          0.000000,          0.000000,          0.000000,          0.000000,          0.000000,          0.000000,          0.138045,          5.100896,          0.074848,          1.290391,          0.886108,          5.974716,          0.021995,         34.128432,
     1,     1,   365,161.0000, 40.8100,255.2400,    10,        272.791419,          0.000000,          0.000000,          0.000000,          0.000000,          0.000000,          0.000000,          0.000000,          0.000000,          0.113255,          5.078909,          0.076770,          1.290762,          0.889131,          6.001577,          0.040040,         34.416988,
     1,     1,   365,162.0000, 40.8100,255.2400,    10,        271.874161,          0.000000,          0.000000,          0.000000,          0.000000,          0.000000,          0.000000,          0.000000,          0.000000,          0.116605,          5.079906,          0.076179,          1.290367,          0.892083,          6.034644,          0.043292,         34.701687,
     1,     1,   365,163.0000, 40.8100,255.2400,    10,        271.589888,          0.000000,          0.000000,          0.000000,          0.000000,          0.000000,          0.000000,          0.000000,          0.000000,          0.135040,          5.063179,          0.080401,          1.287481,          0.894912,          6.066370,          0.024274,         35.003724,
     1,     1,   365,164.0000, 40.8100,255.2400,    10,        271.239356,          0.000000,          0.000000,          0.000000,          0.000000,          0.000000,          0.000000,          0.000000,          0.000000,          0.099278,          5.002367,          0.080925,          1.286541,          0.897666,          6.095362,          0.047065,         35.393021,
     1,     1,   365,165.0000, 40.8100,255.2400,    10,        270.006156,          0.000000,          0.000000,          0.000000,          0.000000,          0.000000,          0.000000,          0.000000,          0.000000,          0.127234,          5.014034,          0.078727,          1.285588,          0.900282,          6.130927,          0.043300,         35.695284,
     1,     1,   365,166.0000, 40.8100,255.2400,    10,        275.302215,          0.000000,          0.000000,          0.000000,          0.000000,          0.000000,          0.000000,          0.000000,          0.000000,          0.122270,          4.988052,          0.081749,          1.283171,          0.902819,          6.164363,          0.036337,         36.050087,
     1,     1,   365,167.0000, 40.8100,255.2400,    10,        272.596499,          0.000000,          0.000000,          0.000000,          0.000000,          0.000000,          0.000000,          0.000000,          0.000000,          0.140337,          4.958468,          0.083535,          1.280354,          0.905215,          6.195758,          0.028802,         36.412072,
     1,     1,   365,168.0000, 40.8100,255.2400,    10,        274.164612,          0.000000,          0.000000,          0.000000,          0.000000,          0.000000,          0.000000,          0.000000,          0.000000,          0.146765,          5.004816,          0.080583,          1.288157,          0.907714,          6.231451,          0.047367,         36.639242,
     1,     1,   365,169.0000, 40.8100,255.2400,    10,        274.401982,          0.000000,          0.000000,          0.000000,          0.000000,          0.000000,          0.000000,          0.000000,          0.000000,          0.161599,          5.027096,          0.087184,          1.290291,          0.910204,          6.271462,          0.025643,         36.906416,
     1,     1,   365,170.0000, 40.8100,255.2400,    10,        274.768949,          0.000000,          0.000000,          0.000000,          0.000000,          0.000000,          0.000000,          0.000000,          0.000000,          0.172465,          5.057383,          0.088413,          1.294976,          0.912748,          6.310948,          0.028366,         37.183578,
     1,     1,   365,171.0000, 40.8100,255.2400,    10,        274.095315,          0.000000,          0.000000,          0.000000,          0.000000,          0.000000,          0.000000,          0.000000,          0.000000,          0.149799,          5.090863,          0.082136,          1.306664,          0.915429,          6.350123,          0.049952,         37.399219,
     1,     1,   365,172.0000, 40.8100,255.2400,    10,        273.421984,          0.000000,          0.000000,          0.000000,          0.000000,          0.000000,          0.000000,          0.000000,          0.000000,          0.151613,          5.121063,          0.083097,          1.312229,          0.918118,          6.390407,          0.036326,         37.604724,
     1,     1,   365,173.0000, 40.8100,255.2400,    10,        272.829362,          0.000000,          0.000000,          0.000000,          0.000000,          0.000000,          0.000000,          0.000000,          0.000000,          0.117943,          5.124333,          0.080004,          1.317642,          0.920861,          6.425827,          0.040388,         37.810645,
     1,     1,   365,174.0000, 40.8100,255.2400,    10,        272.454924,          0.000000,          0.000000,          0.000000,          0.000000,          0.000000,          0.000000,          0.000000,          0.000000,          0.133613,          5.136076,          0.077859,          1.318822,          0.923546,          6.457619,          0.025272,         37.973392,
     1,     1,   365,175.0000, 40.8100,255.2400,    10,        274.331117,          0.000000,          0.000000,          0.000000,          0.000000,          0.000000,          0.000000,          0.000000,          0.000000,          0.155564,          5.162546,          0.077923,          1.323855,          0.926263,          6.483617,          0.024563,         38.126216,
     1,     1,   365,176.0000, 40.8100,255.2400,    10,        271.246902,          0.000000,          0.000000,          0.000000,          0.000000,          0.000000,          0.000000,          0.000000,          0.000000,          0.175752,          5.201369,          0.076496,          1.332880,          0.929047,          6.509772,          0.022007,         38.241843,
     1,     1,   365,177.0000, 40.8100,255.2400,    10,        275.271159,          0.000000,          0.000000,          0.000000,          0.000000,          0.000000,          0.000000,          0.000000,          0.000000,          0.166906,          5.215771,          0.078079,          1.341921,          0.931867,          6.534729,          0.019327,         38.368108,
     1,     1,   365,178.0000, 40.8100,255.2400,    10,        275.062686,          0.000000,          0.000000,          0.000000,          0.000000,          0.000000,          0.000000,          0.000000,          0.000000,          0.141899,          5.215899,          0.078502,          1.348116,          0.934668,          6.559154,          0.026454,         38.526521,
     1,     1,   365,179.0000, 40.8100,255.2400,    10,        274.106208,          0.000000,          0.000000,          0.000000,          0.000000,          0.000000,          0.000000,          0.000000,          0.000000,          0.082588,          5.138960,          0.079575,          1.347974,          0.937355,          6.583044,          0.048441,         38.852053,
     1,     1,   365,180.0000, 40.8100,255.2400,    10,        274.559365,          0.000000,          0.000000,          0.000000,          0.000000,          0.000000,          0.000000,          0.000000,          0.000000,          0.138418,          5.168538,          0.080040,          1.347177,          0.939894,          6.614628,          0.022379,         39.018670,
     1,     1,   365,181.0000, 40.8100,255.2400,    10,        272.791419,          0.000000,          0.000000,          0.000000,          0.000000,          0.000000,          0.000000,          0.000000,          0.000000,          0.113466,          5.144915,          0.081439,          1.346836,          0.942399,          6.639870,          0.040730,         39.312090,
     1,     1,   365,182.0000, 40.8100,255.2400,    10,        271.874161,          0.000000,          0.000000,          0.000000,          0.000000,          0.000000,          0.000000,          0.000000,          0.000000,          0.116829,          5.144473,          0.080769,          1.345730,          0.944835,          6.671063,          0.043990,         39.601386,
     1,     1,   365,183.0000, 40.8100,255.2400,    10,        271.589888,          0.000000,          0.000000,          0.000000,          0.000000,          0.000000,          0.000000,          0.000000,          0.000000,          0.135341,          5.126093,          0.085298,          1.342139,          0.947149,          6.700555,          0.024686,         39.908433,
     1,     1,   365,184.0000, 40.8100,255.2400,    10,        271.239356,          0.000000,          0.000000,          0.000000,          0.000000,          0.000000,          0.000000,          0.000000,          0.000000,          0.099415,          5.062952,          0.085195,          1.340504,          0.949391,          6.727425,          0.047850,         40.303807,
     1,     1,   365,185.0000, 40.8100,255.2400,    10,        270.006156,          0.000000,          0.000000,          0.000000,          0.000000,          0.000000,          0.000000,          0.000000,          0.000000,          0.127429,          5.073163,          0.083238,          1.338859,          0.951495,          6.760814,          0.043949,         40.610744,
     1,     1,   365,186.0000, 40.8100,255.2400,    10,        275.302215,          0.000000,          0.000000,          0.000000,          0.000000,          0.000000,          0.000000,          0.000000,          0.000000,          0.122472,          5.045402,          0.086281,          1.335759,          0.953522,          6.791873,          0.036918,         40.970933,
     1,     1,   365,187.0000, 40.8100,255.2400,    10,        272.596499,          0.000000,          0.000000,          0.000000,          0.000000,          0.000000,          0.000000,          0.000000,          0.000000,          0.140535,          5.013836,          0.088175,          1.332263,          0.955410,          6.820814,          0.029266,         41.338555,
     1,     1,   365,188.0000, 40.8100,255.2400,    10,        274.164612,          0.000000,          0.000000,          0.000000,          0.000000,          0.000000,          0.000000,          0.000000,          0.000000,          0.147075,          5.059562,          0.085228,          1.339419,          0.957404,          6.855113,          0.047960,         41.568647,
     1,     1,   365,189.0000, 40.8100,255.2400,    10,        274.401982,          0.000000,          0.000000,          0.000000,          0.000000,          0.000000,          0.000000,          0.000000,          0.000000,          0.161935,          5.080946,          0.092104,          1.340915,          0.959393,          6.893390,          0.026014,         41.839512,
     1,     1,   365,190.0000, 40.8100,255.2400,    10,        274.768949,          0.000000,          0.000000,          0.000000,          0.000000,          0.000000,          0.000000,          0.000000,          0.000000,          0.172776,          5.110274,          0.093314,          1.344968,          0.961440,          6.931294,          0.028747,         42.120378,
     1,     1,   365,191.0000, 40.8100,255.2400,    10,        274.095315,          0.000000,          0.000000,          0.000000,          0.000000,          0.000000,          0.000000,          0.000000,          0.000000,          0.150175,          5.143298,          0.086819,          1.356055,          0.963629,          6.969409,          0.050565,         42.338548,
     1,     1,   365,192.0000, 40.8100,255.2400,    10,        273.421984,          0.000000,          0.000000,          0.000000,          0.000000,          0.000000,          0.000000,          0.000000,          0.000000,          0.151950,          5.173016,          0.087939,          1.361024,          0.965831,          7.008461,          0.036841,         42.546828,
     1,     1,   365,193.0000, 40.8100,255.2400,    10,        272.829362,          0.000000,          0.000000,          0.000000,          0.000000,          0.000000,          0.000000,          0.000000,          0.000000,          0.118187,          5.175713,          0.084706,          1.365842,          0.968093,          7.042750,          0.041004,         42.755661,
     1,     1,   365,194.0000, 40.8100,255.2400,    10,        272.454924,          0.000000,          0.000000,          0.000000,          0.000000,          0.000000,          0.000000,          0.000000,          0.000000,          0.133851,          5.186930,          0.082832,          1.366421,          0.970300,          7.073407,          0.025699,         42.921074,
     1,     1,   365,195.0000, 40.8100,255.2400,    10,        274.331117,          0.000000,          0.000000,          0.000000,          0.000000,          0.000000,          0.000000,          0.000000,          0.000000,          0.155801,          5.212936,          0.082986,          1.370859,          0.972545,          7.098501,          0.024935,         43.076296,
     1,     1,   365,196.0000, 40.8100,255.2400,    10,        271.246902,          0.000000,          0.000000,          0.000000,          0.000000,          0.000000,          0.000000,          0.000000,          0.000000,          0.176134,          5.251658,          0.081680,          1.379311,          0.974863,          7.123960,          0.022307,         43.193567,
     1,     1,   365,197.0000, 40.8100,255.2400,    10,        275.271159,          0.000000,          0.000000,          0.000000,          0.000000,          0.000000,          0.000000,          0.000000,          0.000000,          0.167360,          5.265882,          0.083309,          1.387801,          0.977221,          7.148258,          0.019597,         43.321593,
     1,     1,   365,198.0000, 40.8100,255.2400,    10,        275.062686,          0.000000,          0.000000,          0.000000,          0.000000,          0.000000,          0.000000,          0.000000,          0.000000,          0.142195,          5.265559,          0.083539,          1.393448,          0.979567,          7.171927,          0.026872,         43.482421,
     1,     1,   365,199.0000, 40.8100,255.2400,    10,        274.106208,          0.000000,          0.000000,          0.000000,          0.000000,          0.000000,          0.000000,          0.000000,          0.000000,          0.082575,          5.186819,          0.083756,          1.392726,          0.981801,          7.194383,          0.049272,         43.812972,
     1,     1,   365,200.0000, 40.8100,255.2400,    10,        274.559365,          0.000000,          0.000000,          0.000000,          0.000000,          0.000000,          0.000000,          0.000000,          0.000000,          0.138543,          5.215814,          0.084943,          1.391344,          0.983890,          7.224505,          0.022729,         43.982289,
